tel,name,address
 15370075859 ,大宏投资,"江苏省范围均可办理,电话："
 15906256880 ,江阴市宝融投资咨询有限公司,"无抵押贷款服务全台州,电话："
 18672898259 ,海塔投资咨询,"苏州,电话："
 17768414444 ,金新诚财富管理（苏州）有限公司,"苏州,电话："
 18550102511 ,天玑财讯投资,"高新区华福大厦10楼,电话："
 13179610960 ,苏州尚银非融资性担保有限公司,"昆山昆城国贸一栋,电话："
 17721329567 ,苏州快马投资,"苏州全苏州各区服务,电话："
 13814554880 ,苏州双威投资咨询有限公司,"昆山市柏庐中路88号二楼双威投资,电话："
 15365355684 ,裕航商务服务,"吴江市盛泽镇郎中社区服务中心对面,电话："
 18625037985 ,效力投资,"昆山市玉山镇老城区,电话："
 13182614510 ,卓越投资,"苏州,电话："
 15209827787 ,本博投资,"全国范围均可办理,电话："
 15190061190 ,杭州众利合融投资咨询有限公司,"苏州市高新区马云路252号,电话："
 18036117288 ,信和汇金信息咨询（北京）有限公司昆山分公司,"江苏省苏州市昆山市前进中路216号,电话："
 13962118551 ,苏州鼎峰投资,"苏州吴中大厦709室,电话："
 17798599888 ,轶祥融资租赁有限公司,"苏州市木渎镇惠润国际2109室,电话："
 13145075888 ,苏州邦诚投资,"工业园区扬东路277号晶汇大厦1508室,电话："
 15950189162 ,昆山市荣诚投资咨询管理有限公司,"黄河路合兴路555号,电话："
 15298649999 ,苏州威必思企业管理有限公司,"苏州市吴中区东方大道好得家装饰城,电话："
 15006132888 ,盛世宏业投资,"苏州吴中科技金融服务中心东创科技园B2幢507,电话："
 18550461201 ,上海证大投资咨询有限公司苏州通园路分公司,"苏州,电话："
 18501597306 ,友众信业金融,"加城大厦8楼4D,电话："
 13506137572 ,宜信普惠信息咨询(北京)有限公司苏州分公司,"苏州高新区高新广场,电话："
 18360955678 ,广聚投资担保有限公司,"江苏省苏州市昆山市前进东路291号,电话："
 15862501812 ,华彩投资,"苏州高新区狮山路金河国际中心816,电话："
 13771950551 ,苏州点赞汽车贸易有限公司,"苏州木渎长三角二手市场,电话："
 15206206008 ,苏州维顺投资咨询有限公司,"苏州,电话："
 13912699288 ,昆山银典非融资性担保有限公司,"昆山,电话："
 15221166921 ,鸿浦信息,电话：
 13656267557 ,昆山尚扬畅汇投资管理有限公司,"昆山,电话："
 18762897471 ,邦尼投资,"苏州,电话："
 18550107377 ,苏州信泰富,"苏州平江区人民路3188号万达广场B座18楼,电话："
 13358054337 ,苏州佳腾投资管理有限公司,"昆山市开发区群益公寓16号楼7B店,电话："
 15306135000 ,维信融资租赁（苏州）有限公司,"苏州市工业园区湖东晋合广场2座1006室,电话："
 18362600466 ,苏州蓝海财行非融资性担保有限公司,电话：
 15150459280 ,苏州全广投资管理有限公司,"苏州园区圆融时代广场,电话："
 15209827787 ,浩轩投资,"江苏省皆有分公司,电话："
 李经理-15862373-723 ,苏州成金投资咨询有限公司,"苏州吴中区东吴北路新苏国际广场,电话："
 13390887887 ,苏州北城世居不动产投资咨询有限公司,"江苏苏州平江观前干将东路666号和基广场506室,电话："
 13218183757 ,融江担保,"苏州,电话："
 15995791899 ,龙瀚投资管理,"苏州,电话："
 13915523088 ,苏州华兰贝格投资管理,"园区苏华路8号中银惠龙大厦27F,电话："
 15850138284 ,中安信业投资贷款,"苏州高新区金河国际大厦805,电话："
 13771703884 ,江苏融行智非融资性担保有限公司,"苏州,电话："
 18362966645 ,华文金融,"江苏省地区均有分公司,电话："
